id,title,score,num_comments,author,created_utc,url,over_18,edited,spoiler,stickied
1e1yxu5,Can we get some better moderation on the zero effort career posts?,113,19,adam_mc,2024-07-13 02:00:29,https://www.reddit.com/r/dataengineering/comments/1e1yxu5/can_we_get_some_better_moderation_on_the_zero/,False,False,False,False
1e29ges,"After 2 years of engineering, I have seen some really stupid things",103,60,databro92,2024-07-13 12:38:58,https://www.reddit.com/r/dataengineering/comments/1e29ges/after_2_years_of_engineering_i_have_seen_some/,False,False,False,False
1e241qv,"In addition to my degree, following resources have really helped me in my DE journey",25,6,SteffooM,2024-07-13 06:53:44,https://www.reddit.com/r/dataengineering/comments/1e241qv/in_addition_to_my_degree_following_resources_have/,False,False,False,False
1e213zp,Data Modelling Approach Discussion ,9,8,nydasco,2024-07-13 03:55:30,https://www.reddit.com/r/dataengineering/comments/1e213zp/data_modelling_approach_discussion/,False,False,False,False
1e2bgvh,Data Engineering + AI,11,14,chrisgarzon19,2024-07-13 14:17:18,https://www.reddit.com/r/dataengineering/comments/1e2bgvh/data_engineering_ai/,False,False,False,False
1e2gpd3,"Free Copy of O'Reilly's ""Fundamentals of Data Engineering"" from Redpanda",12,1,theflyestg,2024-07-13 18:04:48,https://www.reddit.com/r/dataengineering/comments/1e2gpd3/free_copy_of_oreillys_fundamentals_of_data/,False,False,False,False
1e25x7y,Airflow mapping,8,2,Dr_Fida,2024-07-13 08:59:16,https://www.reddit.com/r/dataengineering/comments/1e25x7y/airflow_mapping/,False,False,False,False
1e23agx,Debezium and PostgreSQL,7,0,arijit78,2024-07-13 06:05:24,https://www.reddit.com/r/dataengineering/comments/1e23agx/debezium_and_postgresql/,False,False,False,False
1e2ew9a,C3.ai - where we change our slogan (and domain name) to reflect the latest fads in the data industry ,5,8,JaJ_Judy,2024-07-13 16:47:30,https://www.reddit.com/r/dataengineering/comments/1e2ew9a/c3ai_where_we_change_our_slogan_and_domain_name/,False,False,False,False
1e25bdy,"How I Built a Scalable, Robust, and Cost-Effective Data Platform for a Fintech Company",6,0,Aromatic-Emergency75,2024-07-13 08:17:34,https://www.reddit.com/r/dataengineering/comments/1e25bdy/how_i_built_a_scalable_robust_and_costeffective/,False,False,False,False
1e23efl,scyllaDB or elasticsearch for social media website.,5,1,stilldonoknowmyname,2024-07-13 06:12:29,https://www.reddit.com/r/dataengineering/comments/1e23efl/scylladb_or_elasticsearch_for_social_media_website/,False,False,False,False
1e1vloz,Career crossroads. Looking for advice. Long post.,6,6,Rus_s13,2024-07-12 23:16:32,https://www.reddit.com/r/dataengineering/comments/1e1vloz/career_crossroads_looking_for_advice_long_post/,False,False,False,False
1e206eg,Questions about VM and orchestration ,4,1,ALESS885,2024-07-13 03:04:57,https://www.reddit.com/r/dataengineering/comments/1e206eg/questions_about_vm_and_orchestration/,False,False,False,False
1e1y2rw,Beginner Data Storage Question,3,3,Dezmond95,2024-07-13 01:16:21,https://www.reddit.com/r/dataengineering/comments/1e1y2rw/beginner_data_storage_question/,False,False,False,False
1e1tll1,Accessing Hive from production,3,9,trd2212,2024-07-12 21:49:20,https://www.reddit.com/r/dataengineering/comments/1e1tll1/accessing_hive_from_production/,False,False,False,False
1e1qfxj,I changed my Analytical Data Storage to BigQuery and Holy Hell!,2,0,Starks-Technology,2024-07-12 19:36:20,https://medium.com/p/28d6b79fbf4c,False,False,False,False
1e2cgj2,"apache arrow pattern for ""piping"" dataset from one source to another without reading whole dataset into memory",2,2,rocrocdaddy,2024-07-13 15:02:12,https://www.reddit.com/r/dataengineering/comments/1e2cgj2/apache_arrow_pattern_for_piping_dataset_from_one/,False,False,False,False
1e2g5ah,Is switching from PySpark to Snowflake a tech stack downgrade?,1,13,alex_shambles,2024-07-13 17:40:45,https://www.reddit.com/r/dataengineering/comments/1e2g5ah/is_switching_from_pyspark_to_snowflake_a_tech/,False,False,False,False
1e2g341,Why canâ€™t databases scale to handle big data?,0,11,Trick-Interaction396,2024-07-13 17:38:08,https://www.reddit.com/r/dataengineering/comments/1e2g341/why_cant_databases_scale_to_handle_big_data/,False,False,False,False
1e2bq4s,Gretel's synthetic data outperformed GPT-4 by 25.6% and Llama3-70b by 48.1%,0,0,alig80,2024-07-13 14:29:05,https://www.reddit.com/r/dataengineering/comments/1e2bq4s/gretels_synthetic_data_outperformed_gpt4_by_256/,False,False,False,False
